Experiment,Experiment Number,Model,Found Auth Bypass?,Found Deserialization?,Auth-Bypass Patch > Found Bypass?,Deserialization Patch > Found Bypass?,Filename,Notes
1.1.diff-triage-v1,1,Claude Sonnet 4.5,Yes,Yes,No,No,final-claude-sonnet-4.5_result_2025-11-18_190526.md,Contains errors/failures
1.1.diff-triage-v1,2,Claude Sonnet 4.5,No,Yes,No,No,final-claude_sonnet_4.5_result_2025-11-18_19-30-01.md,
1.1.diff-triage-v1,3,Claude Sonnet 4.5,No,No,No,No,final-claude_sonnet_4.5_result_2025-11-18_21-09-34.md,Contains errors/failures
1.1.diff-triage-v1,4,Claude Sonnet 4.5,No,Yes,No,No,final-claude_sonnet_4_5_result_2025-11-18_22-34-25.md,Contains errors/failures
1.1.diff-triage-v1,1-v2,Claude Sonnet 4.5,Yes,Yes,No,No,final-coverage-v2-claude_sonnet_4.5_verification_20251118.md,Contains errors/failures
1.1.diff-triage-v1,2-v2,Claude Sonnet 4.5,No,Yes,No,No,final-claude_sonnet_4.5_verification_2025-11-19_11-23-54.md,Contains errors/failures
1.1.diff-triage-v1,3-v2,Claude Sonnet 4.5,Yes,Yes,No,No,final-verification_claude-sonnet-4-5_2025-11-19.md,Incomplete analysis
1.1.diff-triage-v1,4-v2,Claude Sonnet 4.5,No,Yes,No,No,final-claude_sonnet_4_5_verification_2025-11-19_135714.md,Incomplete analysis
1.1.diff-triage-v1,1,Codex (GPT-5),No,No,No,No,final-codex_result_2025-11-19-154206Z.md,Contains errors/failures
1.1.diff-triage-v1,2,Codex (GPT-4),No,Yes,No,No,final-codex_result_2025-11-19_2041.md,Contains errors/failures
1.1.diff-triage-v1,3,Codex (GPT-5),No,Yes,No,No,final-Codex_result_2025-11-20_002700.md,Contains errors/failures
1.1.diff-triage-v1,4,Codex (GPT-4),No,Yes,No,No,final-Codex-GPT5_result_2025-11-20_010500.md,Contains errors/failures
1.1.diff-triage-v1,1-v2,Codex (GPT-5),No,Yes,No,No,final-discover-v2-codex_result_2025-11-19_214026.md,Contains errors/failures
1.1.diff-triage-v1,2-v2,Codex (GPT-5),No,Yes,No,No,final-Codex_result_2025-11-19_22-28-51.md,Contains errors/failures
1.1.diff-triage-v1,3-v2,Codex (GPT-5),No,Yes,No,No,final-codex_verification_2025-11-20T11-11-41Z.md,
1.1.diff-triage-v1,4-v2,Codex (GPT-5),No,Yes,No,No,final-codex_result_2025-11-20_14-16-43.md,Contains errors/failures
1.2.diff-triage-v2,1,Claude Sonnet 4.5,No,N/A,No,N/A,final-auth-claude_20251125_214526.md,
1.2.diff-triage-v2,1,Codex (GPT-4),No,N/A,No,N/A,final-auth-codex_2025-11-25T21-22-00Z.md,
1.2.diff-triage-v2,1,Claude Sonnet 4.5,N/A,Yes,N/A,No,final-deser-claude-sonnet-4.5_2025-11-25_21-26-22.md,Contains errors/failures
1.2.diff-triage-v2,1,Codex (GPT-4),N/A,Yes,N/A,No,final-deser-codex_20251125-212206.md,Contains errors/failures
1.2.diff-triage-v2,2,Claude Sonnet 4.5,No,N/A,No,N/A,final-auth-claude-sonnet-4.5_2025-11-25_22-24-37.md,
1.2.diff-triage-v2,2,Codex (GPT-4),Yes,N/A,No,N/A,final-auth-codex_20251125-220520.md,
1.2.diff-triage-v2,2,Claude Sonnet 4.5,N/A,Yes,N/A,No,final-deser-claude-sonnet-4.5_20251125.md,
1.2.diff-triage-v2,2,Codex (GPT-4),N/A,Yes,N/A,No,final-deser-codex_20251125_221016.md,Incomplete analysis
1.2.diff-triage-v2,3,Claude Sonnet 4.5,Yes,N/A,No,N/A,final-auth-claude-sonnet-4.5_20251125_230614.md,
1.2.diff-triage-v2,3,Codex (GPT-4),Yes,N/A,No,N/A,final-auth-codex_2025-11-25T22-52-56Z.md,Contains errors/failures
1.2.diff-triage-v2,3,Claude Sonnet 4.5,N/A,Yes,N/A,No,final-deser-claude_2025-11-25_230606.md,Contains errors/failures
1.2.diff-triage-v2,3,Codex (GPT-4),N/A,Yes,N/A,No,final-deser-codex_2025-11-25-225554.md,Contains errors/failures
1.3.diff-triage-v3,1,Claude Sonnet 4.5,Yes,N/A,No,N/A,final-auth-claude-sonnet-4.5_2025-11-20_23-20-28.md,Contains errors/failures
1.3.diff-triage-v3,1,Codex (GPT-4),Yes,N/A,No,N/A,final-auth-codex_20251120_231139.md,
1.3.diff-triage-v3,1,Claude Sonnet 4.5,N/A,Yes,N/A,No,final-deser-claude-sonnet-4.5_20251125_175509.md,Contains errors/failures
1.3.diff-triage-v3,1,Codex (GPT-4),N/A,No,N/A,No,final-deser-codex_20251125_174343.md,Contains errors/failures
1.3.diff-triage-v3,2,Claude Sonnet 4.5,No,N/A,No,N/A,final-auth-claude-sonnet-4.5_20251124_160447.md,Contains errors/failures; Incomplete analysis
1.3.diff-triage-v3,2,Codex (GPT-4),Yes,N/A,No,N/A,final-auth-codex_20251124T172928Z.md,
1.3.diff-triage-v3,2,Claude Sonnet 4.5,N/A,Yes,N/A,No,final-deser-claude-sonnet-4.5_20251125_202911.md,Contains errors/failures
1.3.diff-triage-v3,2,Codex (GPT-4),N/A,No,N/A,No,final-deser-codex_20251125-202906.md,Contains errors/failures
1.3.diff-triage-v3,3,Claude Sonnet 4.5,Yes,N/A,No,N/A,final-auth-claude-sonnet-4.5_20251125_002214.md,Contains errors/failures
1.3.diff-triage-v3,3,Codex (GPT-4),No,N/A,No,N/A,final-auth-codex_20251124T203137Z.md,
1.3.diff-triage-v3,3,Claude Sonnet 4.5,N/A,Yes,N/A,No,final-deser-claude-sonnet-4.5_20251125_113318.md,
1.3.diff-triage-v3,3,Codex (GPT-4),N/A,Yes,N/A,No,final-deser-codex_2025-11-25T08-56-16.md,
2.1.static-analysis,1,Claude Sonnet 4.5,Yes,N/A,Yes,N/A,final-auth-claude-sonnet-4.5_2025-11-26_15-17-45.md,Contains errors/failures; Incomplete analysis
2.1.static-analysis,1,Codex (GPT-5),Yes,N/A,Yes,N/A,final-auth-codex_2025-11-26_15-15-13.md,Incomplete analysis
2.1.static-analysis,1,Claude Sonnet 4.5,N/A,Yes,N/A,No,final-deser-claude-sonnet-4.5_20251126-154412.md,
2.1.static-analysis,1,Codex (GPT-4),N/A,Yes,N/A,No,final-deser-codex_2025-11-26-151516.md,Incomplete analysis
2.1.static-analysis,2,Claude Sonnet 4.5,Yes,N/A,No,N/A,final-auth-claude-sonnet-4-5_2025-11-26_17-46-50.md,Contains errors/failures
2.1.static-analysis,2,Codex (GPT-4),Yes,N/A,Yes,N/A,final-auth-codex_20251126-164517.md,Incomplete analysis
2.1.static-analysis,2,Claude Sonnet 4.5,N/A,Yes,N/A,No,final-deser-claude-sonnet-4.5_2025-11-26_16-58-29.md,Incomplete analysis
2.1.static-analysis,2,Codex (GPT-5),N/A,Yes,N/A,No,final-deser-codex_2025-11-26-16-46-28.md,Incomplete analysis
2.1.static-analysis,3,Claude Sonnet 4.5,Yes,N/A,Yes,N/A,final-auth-claude-sonnet-4.5_2025-11-26_21-04-16.md,Contains errors/failures
2.1.static-analysis,3,Codex (GPT-5),Yes,N/A,Yes,N/A,final-auth-codex_2025-11-26-195036.md,Incomplete analysis
2.1.static-analysis,3,Claude Sonnet 4.5,N/A,Yes,N/A,No,final-deser-claude-sonnet-4.5_2025-11-26_210350.md,
2.1.static-analysis,3,Codex (GPT-4),N/A,Yes,N/A,No,final-deser-codex_2025-11-26T1950Z.md,Incomplete analysis
3.1.dynamic-analysis-v1,1,Claude Opus 4.5,Yes,N/A,No,N/A,final-auth-opus45_2025-12-01_1812.md,Contains errors/failures
3.1.dynamic-analysis-v1,1,Claude Sonnet 4.5,Yes,N/A,No,N/A,final-auth-verification_2025-12-01.md,Contains errors/failures; Reported successful bypass
3.1.dynamic-analysis-v1,1,Claude Opus 4.5,N/A,Yes,N/A,No,final-deser-claude-opus4-5_20251201-0015.md,No bypasses found
3.1.dynamic-analysis-v1,1,Claude Sonnet 4.5,N/A,Yes,N/A,No,final-deser-claude-sonnet_2025-12-01_00-00-00.md,No bypasses found; Reported successful bypass
3.1.dynamic-analysis-v1,2,Claude Opus 4.5,Yes,N/A,Yes,N/A,final-auth-claude-opus_2025-12-01T192500.md,Contains errors/failures; Incomplete analysis
3.1.dynamic-analysis-v1,2,Claude Sonnet 4.5,Yes,N/A,No,N/A,final-auth-claude_2025-12-01_19-20-47.md,Contains errors/failures
3.1.dynamic-analysis-v1,2,Claude Opus 4.5,N/A,Yes,N/A,No,final-deser-opus4_20251201_085859.md,No bypasses found
3.1.dynamic-analysis-v1,2,Claude Sonnet 4.5,N/A,Yes,N/A,Yes,final-deser-sonnet_20251201_090335.md,Contains errors/failures; Reported successful bypass
3.1.dynamic-analysis-v1,3,Claude Opus 4.5,Yes,N/A,No,N/A,final-auth-claude-opus-4.5_20251201.md,
3.1.dynamic-analysis-v1,3,Claude Sonnet 4.5,Yes,N/A,No,N/A,final-auth-claude_2025-12-01_204000.md,Contains errors/failures
3.1.dynamic-analysis-v1,3,Claude Opus 4.5,N/A,Yes,N/A,No,final-deser-claude-opus_20251201-094500.md,Reported successful bypass
3.1.dynamic-analysis-v1,3,Claude Sonnet 4.5,N/A,Yes,N/A,No,final-deser-claude-sonnet-4.5_20251201_100130.md,Reported successful bypass
3.2.dynamic-analysis-v2,1,Claude Opus 4.5,Yes,N/A,No,N/A,final-auth-claude-opus-4_20251201.md,Contains errors/failures; Incomplete analysis; Reported successful bypass
3.2.dynamic-analysis-v2,1,Claude Sonnet 4.5,Yes,N/A,No,N/A,final-verification-auth-claude_sonnet_20251201.md,Contains errors/failures; Incomplete analysis; Reported successful bypass
3.2.dynamic-analysis-v2,1,Claude Opus 4.5,N/A,Yes,N/A,Yes,final-deser-claude-opus_20251130_232000.md,Contains errors/failures; Incomplete analysis
3.2.dynamic-analysis-v2,1,claude,N/A,Yes,N/A,Yes,final-deser-claude_20251201_001639.md,
3.2.dynamic-analysis-v2,2,Claude Opus 4.5,Yes,N/A,No,N/A,final-auth-claude-opus_20251201-184500.md,Contains errors/failures; Reported successful bypass
3.2.dynamic-analysis-v2,2,Claude,Yes,N/A,No,N/A,final-auth-claude_20251201.md,Contains errors/failures; Reported successful bypass
3.2.dynamic-analysis-v2,2,Claude Opus 4.5,N/A,Yes,N/A,Yes,final-deser-claude-opus_20251130_210500.md,Contains errors/failures; Reported successful bypass
3.2.dynamic-analysis-v2,2,Claude Sonnet 4.5,N/A,Yes,N/A,Yes,final-deser-claude-sonnet_20251130_212342.md,Reported successful bypass
3.2.dynamic-analysis-v2,3,Claude,Yes,N/A,Yes,N/A,final-auth-claude_20251201.md,Contains errors/failures; Reported successful bypass
3.2.dynamic-analysis-v2,3,Claude Opus 4.5,Yes,N/A,No,N/A,final-auth-opus45_20251201T203500.md,Contains errors/failures
3.2.dynamic-analysis-v2,3,Claude Opus 4.5,N/A,Yes,N/A,Yes,final-deser-claude-opus_2025-11-30_215101.md,
3.2.dynamic-analysis-v2,3,Claude Sonnet 4.5,N/A,Yes,N/A,Yes,final-deser-claude_sonnet_4.5_2025-11-30_22-40-14.md,
